243,236,80,206,34,208,109,202,55,228,78,43,188,70,67,37
145,137,84,112,1,77,179,168,120,38,5,254,171,68,152,125
238,118,226,10,12,193,30,97,138,28,128,136,211,63,94,22
26,219,25,18,164,186,89,119,223,13,4,8,106,173,180,153
81,42,49,253,123,17,15,241,32,148,198,110,41,146,150,2
99,189,40,20,102,83,98,184,207,143,149,247,9,170,45,252
7,191,203,71,134,91,3,232,116,74,87,100,166,121,177,213
229,103,160,215,36,235,14,72,19,115,240,158,124,218,234,169
162,197,51,194,190,231,216,220,155,132,130,187,161,31,242,113
54,175,64,183,105,16,61,144,178,101,111,60,65,181,11,251
151,214,248,0,50,96,44,93,57,250,163,104,23,39,86,92
237,217,205,209,192,6,221,66,142,29,95,172,156,182,88,233
165,157,249,140,195,62,133,147,73,58,167,135,139,204,126,82
48,107,47,85,141,176,56,27,117,122,154,230,210,79,224,129
212,246,185,76,90,244,225,196,24,200,255,239,33,199,46,21
131,245,159,201,114,174,69,59,52,53,75,35,127,227,222,108
